-- MySQL dump 10.13  Distrib 8.0.45, for Linux (x86_64)
--
-- Host: 127.0.0.1    Database: yuanlive_user
-- ------------------------------------------------------
-- Server version	8.0.44

/*!40101 SET @OLD_CHARACTER_SET_CLIENT=@@CHARACTER_SET_CLIENT */;
/*!40101 SET @OLD_CHARACTER_SET_RESULTS=@@CHARACTER_SET_RESULTS */;
/*!40101 SET @OLD_COLLATION_CONNECTION=@@COLLATION_CONNECTION */;
/*!50503 SET NAMES utf8mb4 */;
/*!40103 SET @OLD_TIME_ZONE=@@TIME_ZONE */;
/*!40103 SET TIME_ZONE='+00:00' */;
/*!40014 SET @OLD_UNIQUE_CHECKS=@@UNIQUE_CHECKS, UNIQUE_CHECKS=0 */;
/*!40014 SET @OLD_FOREIGN_KEY_CHECKS=@@FOREIGN_KEY_CHECKS, FOREIGN_KEY_CHECKS=0 */;
/*!40101 SET @OLD_SQL_MODE=@@SQL_MODE, SQL_MODE='NO_AUTO_VALUE_ON_ZERO' */;
/*!40111 SET @OLD_SQL_NOTES=@@SQL_NOTES, SQL_NOTES=0 */;

--
-- Table structure for table `sys_menu`
--

DROP TABLE IF EXISTS `sys_menu`;
/*!40101 SET @saved_cs_client     = @@character_set_client */;
/*!50503 SET character_set_client = utf8mb4 */;
CREATE TABLE `sys_menu` (
  `menu_id` bigint NOT NULL AUTO_INCREMENT,
  `name` varchar(50) NOT NULL COMMENT 'иҸңеҚ•/жқғйҷҗеҗҚз§°',
  `parent_id` bigint DEFAULT '0' COMMENT 'зҲ¶иҸңеҚ•ID',
  `sort` int DEFAULT '0' COMMENT 'жҳҫзӨәйЎәеәҸ',
  `path` varchar(200) DEFAULT '' COMMENT 'и·Ҝз”ұең°еқҖ',
  `component` varchar(255) DEFAULT NULL COMMENT 'еүҚз«Ҝз»„д»¶и·Ҝеҫ„',
  `menu_type` char(1) DEFAULT '' COMMENT 'зұ»еһӢ:M-зӣ®еҪ•,C-иҸңеҚ•,F-жҢүй’®',
  `perms` varchar(100) DEFAULT NULL COMMENT 'жқғйҷҗж ҮиҜҶ(еҰӮ user:list)',
  `icon` varchar(100) DEFAULT '#' COMMENT 'еӣҫж Ү',
  `create_time` datetime DEFAULT CURRENT_TIMESTAMP,
  `update_time` datetime DEFAULT CURRENT_TIMESTAMP ON UPDATE CURRENT_TIMESTAMP,
  `title` varchar(50) DEFAULT NULL COMMENT 'иҸңеҚ•еҗҚз§°/ж Үйўҳ',
  `is_visible` tinyint(1) NOT NULL DEFAULT '1' COMMENT 'жҳҜеҗҰжҳҫзӨәеҗҜз”Ё(0 -> йҡҗи—ҸпјҢ1 -> жҳҫзӨә)',
  `is_cache` tinyint(1) NOT NULL DEFAULT '0' COMMENT 'жҳҜеҗҰзј“еӯҳ 0еҗҰ 1жҳҜ',
  PRIMARY KEY (`menu_id`),
  KEY `parent_id_index` (`parent_id`)
) ENGINE=InnoDB AUTO_INCREMENT=14 DEFAULT CHARSET=utf8mb4 COLLATE=utf8mb4_0900_ai_ci COMMENT='иҸңеҚ•жқғйҷҗиЎЁ';
/*!40101 SET character_set_client = @saved_cs_client */;

--
-- Dumping data for table `sys_menu`
--

LOCK TABLES `sys_menu` WRITE;
/*!40000 ALTER TABLE `sys_menu` DISABLE KEYS */;
INSERT INTO `sys_menu` VALUES (4,'',0,4,'/system','','M','','ri:settings-3-line','2026-01-18 14:46:30','2026-01-18 14:46:30','menus.sysManagement',1,0),(5,'SystemUser',4,1,'/system/user/index','','C','','ri:admin-line','2026-01-18 14:49:17','2026-01-18 14:49:17','menus.user',1,0),(7,'SystemRole',4,2,'/system/role/index','','C','','ri:admin-fill','2026-01-18 14:51:16','2026-01-18 15:07:19','menus.role',1,0),(8,'SystemMenu',4,3,'/system/menu/index','','C','','ep:menu','2026-01-18 14:52:22','2026-01-18 15:07:19','menus.systemMenu',1,0),(9,'',0,5,'/monitor','','M','','ep:monitor','2026-01-18 14:53:45','2026-01-18 14:53:45','menus.sysMonitor',1,0),(10,'OnlineUser',9,1,'/monitor/online-user','monitor/online/index','C','','ri:user-voice-line','2026-01-18 14:55:21','2026-01-18 15:08:40','menus.onlineUser',1,0),(11,'LoginLog',9,2,'/monitor/login-logs','monitor/logs/login/index','C','','ri:window-line','2026-01-18 14:57:17','2026-01-18 14:57:17','menus.loginLog',1,0),(12,'OperationLog',9,3,'/monitor/operation-logs','monitor/logs/operation/index','C','','ri:history-fill','2026-01-18 14:58:51','2026-01-18 14:58:51','menus.operationLog',1,0),(13,'',10,1,'','','F','user:add','ri:history-fill','2026-01-19 08:21:03','2026-01-19 08:21:03','menus.addUser',1,0);
/*!40000 ALTER TABLE `sys_menu` ENABLE KEYS */;
UNLOCK TABLES;

--
-- Table structure for table `sys_role`
--

DROP TABLE IF EXISTS `sys_role`;
/*!40101 SET @saved_cs_client     = @@character_set_client */;
/*!50503 SET character_set_client = utf8mb4 */;
CREATE TABLE `sys_role` (
  `role_id` bigint NOT NULL AUTO_INCREMENT,
  `role_name` varchar(30) NOT NULL COMMENT 'и§’иүІеҗҚз§°(жұүеӯ—)',
  `role_key` varchar(100) NOT NULL COMMENT 'и§’иүІжқғйҷҗеӯ—з¬ҰдёІ(еҰӮ admin)',
  `status` tinyint(1) DEFAULT '1' COMMENT 'зҠ¶жҖҒ:1-жӯЈеёё,0-еҒңз”Ё',
  `create_time` datetime DEFAULT CURRENT_TIMESTAMP,
  `update_time` datetime DEFAULT CURRENT_TIMESTAMP ON UPDATE CURRENT_TIMESTAMP,
  PRIMARY KEY (`role_id`),
  UNIQUE KEY `uk_role_key` (`role_key`),
  UNIQUE KEY `sys_role_pk` (`role_name`)
) ENGINE=InnoDB AUTO_INCREMENT=2 DEFAULT CHARSET=utf8mb4 COLLATE=utf8mb4_0900_ai_ci COMMENT='и§’иүІиЎЁ';
/*!40101 SET character_set_client = @saved_cs_client */;

--
-- Dumping data for table `sys_role`
--

LOCK TABLES `sys_role` WRITE;
/*!40000 ALTER TABLE `sys_role` DISABLE KEYS */;
INSERT INTO `sys_role` VALUES (1,'и¶…зә§з®ЎзҗҶе‘ҳ','super-admin',1,'2026-01-17 10:47:01','2026-01-17 10:47:01');
/*!40000 ALTER TABLE `sys_role` ENABLE KEYS */;
UNLOCK TABLES;

--
-- Table structure for table `sys_role_menu`
--

DROP TABLE IF EXISTS `sys_role_menu`;
/*!40101 SET @saved_cs_client     = @@character_set_client */;
/*!50503 SET character_set_client = utf8mb4 */;
CREATE TABLE `sys_role_menu` (
  `role_id` bigint NOT NULL COMMENT 'и§’иүІID',
  `menu_id` bigint NOT NULL COMMENT 'иҸңеҚ•ID',
  PRIMARY KEY (`role_id`,`menu_id`)
) ENGINE=InnoDB DEFAULT CHARSET=utf8mb4 COLLATE=utf8mb4_0900_ai_ci COMMENT='и§’иүІе’ҢиҸңеҚ•е…іиҒ”иЎЁ';
/*!40101 SET character_set_client = @saved_cs_client */;

--
-- Dumping data for table `sys_role_menu`
--

LOCK TABLES `sys_role_menu` WRITE;
/*!40000 ALTER TABLE `sys_role_menu` DISABLE KEYS */;
INSERT INTO `sys_role_menu` VALUES (1,4),(1,5),(1,7),(1,8),(1,9),(1,10),(1,11),(1,12),(1,13);
/*!40000 ALTER TABLE `sys_role_menu` ENABLE KEYS */;
UNLOCK TABLES;

--
-- Table structure for table `sys_user`
--

DROP TABLE IF EXISTS `sys_user`;
/*!40101 SET @saved_cs_client     = @@character_set_client */;
/*!50503 SET character_set_client = utf8mb4 */;
CREATE TABLE `sys_user` (
  `uid` bigint NOT NULL AUTO_INCREMENT COMMENT 'з”ЁжҲ·ID',
  `username` varchar(64) NOT NULL COMMENT 'з”ЁжҲ·еҗҚ',
  `password` varchar(128) NOT NULL COMMENT 'еҜҶз Ғ(BCryptеҠ еҜҶ)',
  `avatar` varchar(255) DEFAULT NULL COMMENT 'еӨҙеғҸ',
  `phone` varchar(20) DEFAULT NULL COMMENT 'жүӢжңәеҸ·',
  `email` varchar(64) DEFAULT NULL COMMENT 'йӮ®з®ұ',
  `status` tinyint(1) DEFAULT '1' COMMENT 'зҠ¶жҖҒ:1-жӯЈеёё,0-еҒңз”Ё',
  `del_flag` tinyint(1) DEFAULT '0' COMMENT 'йҖ»иҫ‘еҲ йҷӨж Үеҝ—:0-еӯҳеңЁ,1-еҲ йҷӨ',
  `create_time` datetime DEFAULT CURRENT_TIMESTAMP,
  `update_time` datetime DEFAULT CURRENT_TIMESTAMP ON UPDATE CURRENT_TIMESTAMP,
  `role` tinyint DEFAULT '0' COMMENT '0-з”ЁжҲ·, 1-дё»ж’ӯ, 2-з®ЎзҗҶе‘ҳ',
  `gender` tinyint(1) DEFAULT '0' COMMENT 'з”ЁжҲ·жҖ§еҲ« 0 -> жңӘзҹҘ 1 -> з”·жҖ§ 2->еҘіжҖ§',
  PRIMARY KEY (`uid`),
  UNIQUE KEY `uk_username` (`username`),
  UNIQUE KEY `uk_email` (`email`)
) ENGINE=InnoDB AUTO_INCREMENT=791474412748802 DEFAULT CHARSET=utf8mb4 COLLATE=utf8mb4_0900_ai_ci COMMENT='з”ЁжҲ·иЎЁ';
/*!40101 SET character_set_client = @saved_cs_client */;

--
-- Dumping data for table `sys_user`
--

LOCK TABLES `sys_user` WRITE;
/*!40000 ALTER TABLE `sys_user` DISABLE KEYS */;
INSERT INTO `sys_user` VALUES (6,'fordepu','$2a$10$4s6MYwnX5YHzQhfZ6XEzDO10lTNsVndzfUbqi0cP4vaSVmFCgMDPC',NULL,NULL,'j1425127495@127.com',1,0,'2025-12-30 08:04:20','2026-02-07 11:13:49',2,0),(7,'jjw','$2a$10$Yx7FktSN5oIJ8rGNM3VTzunuyF91MC7Ys9X/yir03YZhBETzNhSRy',NULL,NULL,'2121789489@qq.com',1,0,'2026-01-19 09:04:04','2026-01-27 09:00:54',1,0),(790541515841537,'test1','$2a$10$JA5p7JPSBJlnunRxAkkheuITOw8OBOamL4jok66nhzyhPCi8i/Leq',NULL,NULL,'1425127495@qq.com',1,0,'2026-02-04 20:01:39','2026-02-05 10:41:13',0,0),(791474412748801,'test2','$2a$10$0VyDa2LFkSnMHaYC9pqih.i176Ue50QpQxILQD62.6po/4euxz6A2',NULL,NULL,'j1425127495@126.com',1,0,'2026-02-07 11:17:37','2026-02-07 11:17:37',0,1);
/*!40000 ALTER TABLE `sys_user` ENABLE KEYS */;
UNLOCK TABLES;

--
-- Table structure for table `sys_user_role`
--

DROP TABLE IF EXISTS `sys_user_role`;
/*!40101 SET @saved_cs_client     = @@character_set_client */;
/*!50503 SET character_set_client = utf8mb4 */;
CREATE TABLE `sys_user_role` (
  `user_id` bigint NOT NULL COMMENT 'з”ЁжҲ·ID',
  `role_id` bigint NOT NULL COMMENT 'и§’иүІID',
  PRIMARY KEY (`user_id`,`role_id`)
) ENGINE=InnoDB DEFAULT CHARSET=utf8mb4 COLLATE=utf8mb4_0900_ai_ci COMMENT='з”ЁжҲ·е’Ңи§’иүІе…іиҒ”иЎЁ';
/*!40101 SET character_set_client = @saved_cs_client */;

--
-- Dumping data for table `sys_user_role`
--

LOCK TABLES `sys_user_role` WRITE;
/*!40000 ALTER TABLE `sys_user_role` DISABLE KEYS */;
INSERT INTO `sys_user_role` VALUES (6,1);
/*!40000 ALTER TABLE `sys_user_role` ENABLE KEYS */;
UNLOCK TABLES;

--
-- Table structure for table `undo_log`
--

DROP TABLE IF EXISTS `undo_log`;
/*!40101 SET @saved_cs_client     = @@character_set_client */;
/*!50503 SET character_set_client = utf8mb4 */;
CREATE TABLE `undo_log` (
  `branch_id` bigint NOT NULL COMMENT 'branch transaction id',
  `xid` varchar(128) NOT NULL COMMENT 'global transaction id',
  `context` varchar(128) NOT NULL COMMENT 'undo_log context,such as serialization',
  `rollback_info` longblob NOT NULL COMMENT 'rollback info',
  `log_status` int NOT NULL COMMENT '0:normal status,1:defense status',
  `log_created` datetime(6) NOT NULL COMMENT 'create datetime',
  `log_modified` datetime(6) NOT NULL COMMENT 'modify datetime',
  UNIQUE KEY `ux_undo_log` (`xid`,`branch_id`)
) ENGINE=InnoDB DEFAULT CHARSET=utf8mb4 COLLATE=utf8mb4_0900_ai_ci COMMENT='ATеӣһж»ҡиЎЁ';
/*!40101 SET character_set_client = @saved_cs_client */;

--
-- Dumping data for table `undo_log`
--

LOCK TABLES `undo_log` WRITE;
/*!40000 ALTER TABLE `undo_log` DISABLE KEYS */;
/*!40000 ALTER TABLE `undo_log` ENABLE KEYS */;
UNLOCK TABLES;

--
-- Table structure for table `user_follow`
--

DROP TABLE IF EXISTS `user_follow`;
/*!40101 SET @saved_cs_client     = @@character_set_client */;
/*!50503 SET character_set_client = utf8mb4 */;
CREATE TABLE `user_follow` (
  `id` bigint NOT NULL COMMENT 'дё»й”®ID',
  `user_id` bigint NOT NULL COMMENT 'зІүдёқID (еҸ‘иө·е…іжіЁзҡ„дәә)',
  `follow_user_id` bigint NOT NULL COMMENT 'дё»ж’ӯID (иў«е…іжіЁзҡ„дәә)',
  `status` tinyint NOT NULL DEFAULT '1' COMMENT 'е…іжіЁзҠ¶жҖҒ: 1-е·Іе…іжіЁ, 0-е·ІеҸ–ж¶Ҳ',
  `create_time` datetime NOT NULL DEFAULT CURRENT_TIMESTAMP COMMENT 'е…іжіЁж—¶й—ҙ',
  `update_time` datetime NOT NULL DEFAULT CURRENT_TIMESTAMP ON UPDATE CURRENT_TIMESTAMP COMMENT 'жӣҙж–°ж—¶й—ҙ',
  `last_read_video_id` int NOT NULL DEFAULT '0',
  PRIMARY KEY (`id`),
  UNIQUE KEY `uk_user_follow` (`user_id`,`follow_user_id`),
  KEY `idx_follow_user` (`follow_user_id`)
) ENGINE=InnoDB DEFAULT CHARSET=utf8mb4 COLLATE=utf8mb4_general_ci COMMENT='з”ЁжҲ·е…іжіЁе…ізі»иЎЁ';
/*!40101 SET character_set_client = @saved_cs_client */;

--
-- Dumping data for table `user_follow`
--

LOCK TABLES `user_follow` WRITE;
/*!40000 ALTER TABLE `user_follow` DISABLE KEYS */;
INSERT INTO `user_follow` VALUES (626001,6,7,1,'2026-02-11 18:32:28','2026-02-12 00:46:15',296001),(626002,7,6,1,'2026-02-11 18:32:28','2026-02-11 18:32:27',0);
/*!40000 ALTER TABLE `user_follow` ENABLE KEYS */;
UNLOCK TABLES;

--
-- Table structure for table `user_stats`
--

DROP TABLE IF EXISTS `user_stats`;
/*!40101 SET @saved_cs_client     = @@character_set_client */;
/*!50503 SET character_set_client = utf8mb4 */;
CREATE TABLE `user_stats` (
  `user_id` bigint NOT NULL,
  `following_count` int DEFAULT '0' COMMENT 'е…іжіЁж•°',
  `follower_count` int DEFAULT '0' COMMENT 'зІүдёқж•°',
  `total_likes_received` int DEFAULT '0' COMMENT 'иҺ·иөһжҖ»ж•°',
  `video_count` int DEFAULT '0' COMMENT 'и§Ҷйў‘жҖ»ж•°',
  `update_time` datetime DEFAULT CURRENT_TIMESTAMP ON UPDATE CURRENT_TIMESTAMP,
  PRIMARY KEY (`user_id`)
) ENGINE=InnoDB DEFAULT CHARSET=utf8mb4 COLLATE=utf8mb4_unicode_ci COMMENT='з”ЁжҲ·з»ҹи®ЎиЎЁ';
/*!40101 SET character_set_client = @saved_cs_client */;

--
-- Dumping data for table `user_stats`
--

LOCK TABLES `user_stats` WRITE;
/*!40000 ALTER TABLE `user_stats` DISABLE KEYS */;
INSERT INTO `user_stats` VALUES (6,2,1,0,0,'2026-02-11 18:32:27'),(7,1,2,0,38,'2026-02-12 00:49:06'),(790541515841537,0,0,0,0,'2026-02-07 18:16:52'),(791474412748801,0,0,0,0,'2026-02-07 18:16:52');
/*!40000 ALTER TABLE `user_stats` ENABLE KEYS */;
UNLOCK TABLES;
/*!40103 SET TIME_ZONE=@OLD_TIME_ZONE */;

/*!40101 SET SQL_MODE=@OLD_SQL_MODE */;
/*!40014 SET FOREIGN_KEY_CHECKS=@OLD_FOREIGN_KEY_CHECKS */;
/*!40014 SET UNIQUE_CHECKS=@OLD_UNIQUE_CHECKS */;
/*!40101 SET CHARACTER_SET_CLIENT=@OLD_CHARACTER_SET_CLIENT */;
/*!40101 SET CHARACTER_SET_RESULTS=@OLD_CHARACTER_SET_RESULTS */;
/*!40101 SET COLLATION_CONNECTION=@OLD_COLLATION_CONNECTION */;
/*!40111 SET SQL_NOTES=@OLD_SQL_NOTES */;

-- Dump completed on 2026-02-12  1:09:02
